{
  "project_info": {
    "project_number": "132455420969",
    "project_id": "afvr-2024a-cc-gr1",
    "storage_bucket": "afvr-2024a-cc-gr1.appspot.com"
  },
  "client": [
    {
      "client_info": {
        "mobilesdk_app_id": "1:132455420969:android:302d56bea6353237a5f838",
        "android_client_info": {
          "package_name": "com.example.myapp_2024_av01"
        }
      },
      "oauth_client": [],
      "api_key": [
        {
          "current_key": "AIzaSyDppD4hONTJGfSprLlfXiFEJK_5NxYUacE"
        }
      ],
      "services": {
        "appinvite_service": {
          "other_platform_oauth_client": []
        }
      }
    }
  ],
  "configuration_version": "1"
}